val_loss, val_accuracy, train_loss, train_accuracy
"[1.550973081588745, 1.524264359474182, 1.4671358108520507, 1.4250842094421388, 1.3688518524169921, 1.3691913604736328, 1.402746605873108, 1.4264724016189576, 1.4611645460128784, 1.5703737020492554, 1.6958957672119142, 1.7756440877914428, 1.8686527252197265, 2.143438482284546, 2.2117507457733154, 2.3963122367858887, 2.493945360183716, 2.6061465740203857, 2.7883020401000977, 2.9041626930236815]", "[0.2802, 0.2877, 0.3375, 0.3871, 0.4189, 0.4244, 0.4374, 0.4358, 0.4489, 0.4434, 0.4352, 0.4336, 0.4418, 0.4263, 0.4235, 0.4241, 0.4244, 0.4369, 0.4233, 0.4270]", "[1.5781870479490396, 1.526848274770802, 1.4761067422723693, 1.4088797083103248, 1.3327516898828853, 1.254638964355867, 1.1545391707008075, 1.0659345365076236, 0.9666142294496346, 0.8759827220031526, 0.7793921778680449, 0.6766621532681326, 0.5791446340998079, 0.4953002683684643, 0.42501827194484565, 0.36409375387537146, 0.3089377409968446, 0.2709685506186711, 0.23636531005773032, 0.199555909847552]","[0.2375, 0.2787, 0.3262, 0.3783, 0.4244, 0.4698, 0.5211, 0.5638, 0.6116, 0.6534, 0.6996, 0.7414, 0.7836, 0.8179, 0.8455, 0.8694, 0.8908, 0.9046, 0.9164, 0.9299]"