{"It's eleven o'clock": [0.22190140845070422, 0.47035211267605637, 0.6932394366197183], "That is exactly what happened": [0.28452830188679246, 0.14037735849056604, 0.7379245283018868, 0.18452830188679245, 0.5532075471698114], "I'm on my way to the meeting": [0.2092, 0.2194, 0.17400000000000002, 0.2682, 0.123, 0.10880000000000001, 0.4724], "I wonder what this is about": [0.13166666666666665, 0.31666666666666665, 0.18444444444444444, 0.2125, 0.14722222222222223, 0.5063888888888889], "The airplane is almost full": [0.24472222222222223, 0.5311111111111111, 0.1552777777777778, 0.5338888888888889, 0.5005555555555555], "Maybe tomorrow it will be cold": [0.37424242424242427, 0.576969696969697, 0.1293939393939394, 0.15242424242424243, 0.1509090909090909, 0.5963636363636364], "I would like a new alarm clock": [0.15444444444444444, 0.2131111111111111, 0.3002222222222222, 0.096, 0.29977777777777775, 0.46155555555555555, 0.5215555555555556], "I think I have a doctor's appointment": [0.12866666666666668, 0.29933333333333334, 0.08600000000000001, 0.196, 0.08033333333333334, 0.49833333333333335, 0.604], "Don't forget a jacket": [0.4120967741935484, 0.3995161290322581, 0.09629032258064517, 0.5896774193548387], "I think I've seen this before": [0.14103448275862068, 0.28413793103448276, 0.1413793103448276, 0.31344827586206897, 0.2110344827586207, 0.6024137931034482], "The surface is slick": [0.22275862068965518, 0.5658620689655173, 0.1996551724137931, 0.6548275862068965], "We'll stop in a couple of minutes": [0.24040540540540542, 0.4602702702702703, 0.14351351351351352, 0.0654054054054054, 0.3581081081081081, 0.11864864864864864, 0.5862162162162162]}