{"It's eleven o'clock": [0.20494947643311354, 0.3279991741968259, 0.478785595404542], "That is exactly what happened": [0.01630658870239167, 0.1459487235363932, 0.35217863811832784, 0.4092100996321183, 0.3661839210472392], "I'm on my way to the meeting": [0.009778342052248366, 0.3874583304208691, 0.14471485222723612, 0.3127770974796281, -0.026692614574967525, 0.11584049284049285, 0.39080703698006825], "I wonder what this is about": [0.06921182484907974, 0.03971141219602527, 0.048304143570302105, 0.12618117342897303, 0.01926481742658211, 0.3762834210149449], "The airplane is almost full": [0.21421420849536565, 0.07167727639380692, -0.015527901154191155, 0.18635649077187388, 0.5359280941819876], "Maybe tomorrow it will be cold": [0.03176723688417174, 0.10963976182043299, -0.12950672973189156, -0.02843788069723899, 0.12098353221347877, 0.5638213787897575], "I would like a new alarm clock": [0.09302967835760262, 0.16831021419963405, 0.2592397727451637, 0.5655266955266955, 0.29725388048653106, 0.1930687925261327, 0.40552216715918105], "I think I have a doctor's appointment": [0.7574262311762312, 0.07975258484396908, 0.4542750767750768, -0.05914771869695142, 0.5030555555555556, 0.1522363463090178, 0.22160151666942163], "Don't forget a jacket": [0.15532188259030927, 0.12477376489586443, 0.26612894274184595, 0.25354289701372695], "I think I've seen this before": [0.30586281534557397, 0.07760802834294243, 0.09631604028155752, 0.23417616012140688, 0.07405865099607238, 0.2448920040855472], "The surface is slick": [-0.01750948221189092, 0.08428856930076789, -0.018396417435797507, 0.23720227402325275], "We'll stop in a couple of minutes": [0.06393174174120476, 0.22548416512951444, 0.12758083402433248, 0.11643348748611906, 0.15310936052792617, 0.14492484763769592, 0.6636118618473807]}