{"It's eleven o'clock": [0.1811578947368421, 0.4303157894736842, 0.6913684210526316], "That is exactly what happened": [0.2773333333333333, 0.156, 0.75, 0.14666666666666667, 0.44533333333333336], "I'm on my way to the meeting": [0.1930769230769231, 0.17192307692307693, 0.16115384615384615, 0.23346153846153847, 0.11153846153846153, 0.11076923076923077, 0.49653846153846154], "I wonder what this is about": [0.12476190476190477, 0.29095238095238096, 0.17238095238095238, 0.2057142857142857, 0.14333333333333334, 0.3861904761904762], "The airplane is almost full": [0.274375, 0.446875, 0.1375, 0.476875, 0.46125], "Maybe tomorrow it will be cold": [0.3744444444444444, 0.5544444444444444, 0.10388888888888889, 0.1388888888888889, 0.16055555555555556, 0.4994444444444444], "I would like a new alarm clock": [0.1317241379310345, 0.1813793103448276, 0.2396551724137931, 0.06413793103448276, 0.27999999999999997, 0.4244827586206896, 0.43], "I think I have a doctor's appointment": [0.09944444444444445, 0.27, 0.059444444444444446, 0.17222222222222222, 0.07388888888888889, 0.5011111111111111, 0.5894444444444444], "Don't forget a jacket": [0.30925, 0.34, 0.08, 0.58325], "I think I've seen this before": [0.11, 0.28296296296296297, 0.13296296296296298, 0.32296296296296295, 0.21185185185185185, 0.6185185185185186], "The surface is slick": [0.19476190476190477, 0.5776190476190476, 0.22238095238095237, 0.6133333333333333], "We'll stop in a couple of minutes": [0.21172413793103448, 0.41586206896551725, 0.11655172413793104, 0.06413793103448276, 0.3406896551724138, 0.1096551724137931, 0.5927586206896551]}