{"It's eleven o'clock": [-0.007746516334714166, 0.19410755911618377, 0.43750122928411295], "That is exactly what happened": [0.33199230892906606, 0.3051140362905069, 0.46624913014179026, 0.23915356430062312, 0.3519701295622197], "I'm on my way to the meeting": [-0.02504607468330716, 0.06192174899980589, 0.09540466710923962, 0.18059640075398228, -0.061767863860624085, 0.19454754647062342, 0.7566422764071078], "I wonder what this is about": [0.16731564420640047, -0.017902570151289026, 0.019941938127908187, 0.13548994246179652, -0.012938252223966513, 0.11412331494335119], "The airplane is almost full": [0.19281842775835908, -0.05213789540330981, -0.09567639049546946, 0.08947449171593176, 0.4897938340958874], "Maybe tomorrow it will be cold": [0.017091512240115566, 0.09095436767853878, -0.18746193473024136, -0.11715957450606573, 0.15646380670890475, 0.24378953262890615], "I would like a new alarm clock": [-0.09647050576353926, -0.06130293768452243, -0.056987640193738746, -0.003911653480618997, 0.1557693272252586, 0.09112739035609087, 0.16892704096410324], "I think I have a doctor's appointment": [-0.18757461674128342, -0.017677860273485956, 0.13862433862433862, -0.14820804272240837, 0.32447089947089947, 0.12937918228341483, 0.2918486003984416], "Don't forget a jacket": [-0.1534026280143309, -0.023569368768612417, 0.14745698745698746, 0.19537274470533103], "I think I've seen this before": [-0.0036070139011315536, 0.024289102916351817, -0.05943475266217741, 0.2348067738431085, 0.04645445087297274, 0.25924447714169563], "The surface is slick": [-0.09540855864892377, 0.2078362561303541, 0.14970170543441957, 0.24661585224998345], "We'll stop in a couple of minutes": [-0.03299588906047928, 0.10388684968130286, -0.04778800031682489, 0.11371964393742978, 0.09758747989341987, -0.1343454421395598, 0.4747108426022963]}