{"It's eleven o'clock": [-0.22530600912959897, -0.10282964283690733, 0.12425542572354724], "That is exactly what happened": [-0.042039673866297894, -0.08804128273082522, 0.006137482327989285, 0.03685650371236886, 0.11364764150258694], "I'm on my way to the meeting": [-0.06569511810094884, -0.2177957344448741, -0.15536119116807973, -0.09752912240090865, -0.029048541948438755, -0.11706433998100665, -0.02055393735339749], "I wonder what this is about": [-0.30352093440328737, -0.11646053872902133, -0.1339771851939113, -0.09206331928210154, -0.08663001570241391, 0.1814962101480446], "The airplane is almost full": [-0.08922543060212713, -0.17966918965378637, -0.18886812791611554, -0.1759701900916681, 0.17151264501122185], "Maybe tomorrow it will be cold": [-0.18781322952531967, -0.1272831766000923, -0.34681181584272225, -0.17639649370593108, -0.08610036290056575, 0.20489489718454032], "I would like a new alarm clock": [-0.2543214794785858, -0.09105596680111612, -0.19714888157921934, -0.2656122448979592, -0.2028946099914831, -0.1025312121273462, 0.17563432116103328], "I think I have a doctor's appointment": [0.24890395960248898, -0.11848562667801316, -0.22210449272949273, -0.2408985873982381, -0.12110119047619047, -0.0141653585027918, 0.05396798370998138], "Don't forget a jacket": [-0.2221019279667257, -0.1284156159289784, -0.11482846421870813, 0.014983643637576732], "I think I've seen this before": [-0.2369191544944773, -0.22429592000807883, -0.29123126018183787, -0.10189749407183765, -0.19407582766493464, 0.017028291266346293], "The surface is slick": [-0.2840202679331801, -0.1805795376152124, -0.3795098981888229, -0.056956729163446886], "We'll stop in a couple of minutes": [-0.2461615103314118, -0.15649637746961717, -0.2096889590485416, -0.1070451054322022, -0.1568598699305732, -0.34305235140149754, 0.31205821788146676]}