{"It's eleven o'clock": [0.14761538461538462, 0.31846153846153846, 0.5226923076923077], "That is exactly what happened": [0.24037037037037037, 0.11111111111111112, 0.5362962962962963, 0.13296296296296298, 0.4337037037037037], "I'm on my way to the meeting": [0.1827777777777778, 0.12083333333333333, 0.12583333333333332, 0.17722222222222223, 0.10527777777777778, 0.09277777777777778, 0.39861111111111114], "I wonder what this is about": [0.08256410256410257, 0.26743589743589746, 0.15256410256410258, 0.1687179487179487, 0.13, 0.4256410256410256], "The airplane is almost full": [0.175, 0.3981818181818182, 0.12681818181818183, 0.3640909090909091, 0.38], "Maybe tomorrow it will be cold": [0.2982758620689655, 0.453448275862069, 0.1006896551724138, 0.13586206896551725, 0.12689655172413794, 0.4603448275862069], "I would like a new alarm clock": [0.10742857142857143, 0.17285714285714285, 0.19657142857142856, 0.04485714285714286, 0.184, 0.33885714285714286, 0.43542857142857144], "I think I have a doctor's appointment": [0.10475, 0.247, 0.058750000000000004, 0.1635, 0.051500000000000004, 0.4345, 0.5225], "Don't forget a jacket": [0.2697560975609756, 0.2921951219512195, 0.06170731707317073, 0.4651219512195122], "I think I've seen this before": [0.0880952380952381, 0.21357142857142858, 0.09928571428571428, 0.22880952380952382, 0.16357142857142856, 0.49023809523809525], "The surface is slick": [0.1426829268292683, 0.40658536585365856, 0.11658536585365854, 0.48804878048780487], "We'll stop in a couple of minutes": [0.16258064516129034, 0.30612903225806454, 0.09774193548387097, 0.052580645161290324, 0.25387096774193546, 0.07709677419354839, 0.4532258064516129]}