{"It's eleven o'clock": [-0.08704597249598603, -0.027467812893459346, 0.11521068265291709], "That is exactly what happened": [-0.02295658056067412, 0.16962799034991546, 0.08828336729599086, 0.10899564662230017, 0.1260626568021812], "I'm on my way to the meeting": [-0.04708774202131042, -0.08232658514717248, -0.09187099783390933, -0.10158501835792776, -0.09920047474621936, -0.025427746856318267, 0.12303877695270281], "I wonder what this is about": [-0.16310358124083615, -0.10527945130423019, -0.14505341171936795, -0.09548673335481044, 0.20963712213712213, 0.11169311007152449], "The airplane is almost full": [-0.1391594912142131, -0.11741019257085047, -0.12056088555497876, -0.1500580450749451, 0.2085979111989092], "Maybe tomorrow it will be cold": [-0.08078116870425137, -0.06097284370567246, -0.35628396749769553, -0.15944874600557926, -0.04539317358645091, 0.0870933737275113], "I would like a new alarm clock": [-0.015635002650784595, -0.08643768642471812, -0.15891046911273016, -0.14941400063351282, -0.06714268915335438, -0.06420788594084172, 0.20973465422898888], "I think I have a doctor's appointment": [0.17583670697685494, -0.1294521859950738, -0.2326190824231138, -0.23133213605602576, -0.11470439239525597, -0.029597743225214104, 0.09460284164206569], "Don't forget a jacket": [-0.18031124819790698, -0.19935678802127477, -0.21763577331759149, 0.0022076313464377303], "I think I've seen this before": [-0.22325568491306524, -0.1416217028391665, -0.12551011540673196, -0.03596186428125035, -0.08942345696535359, 0.10681777611389003], "The surface is slick": [-0.1597410746152649, -0.06674994946870609, -0.19822208435985528, 0.1541459025508923], "We'll stop in a couple of minutes": [-0.18451910600776386, -0.07291713405100032, -0.16107503962363298, -0.12163561076604554, -0.1495951370416147, 0.018510836989097796, 0.5835898791638731]}