{"It's eleven o'clock": [0.1705185185185185, 0.35014814814814815, 0.5296296296296297], "That is exactly what happened": [0.25323529411764706, 0.13470588235294118, 0.5738235294117647, 0.14176470588235293, 0.4335294117647059], "I'm on my way to the meeting": [0.18857142857142858, 0.13612244897959183, 0.12877551020408162, 0.1704081632653061, 0.10040816326530612, 0.09102040816326532, 0.373469387755102], "I wonder what this is about": [0.09481481481481481, 0.2677777777777778, 0.1511111111111111, 0.16518518518518518, 0.14, 0.40370370370370373], "The airplane is almost full": [0.18894736842105264, 0.4213157894736842, 0.13315789473684211, 0.38263157894736843, 0.3855263157894737], "Maybe tomorrow it will be cold": [0.3231428571428571, 0.4785714285714286, 0.10771428571428572, 0.1482857142857143, 0.132, 0.46599999999999997], "I would like a new alarm clock": [0.13902439024390245, 0.1731707317073171, 0.19829268292682928, 0.050487804878048784, 0.21536585365853658, 0.3541463414634146, 0.4275609756097561], "I think I have a doctor's appointment": [0.10106382978723405, 0.24936170212765957, 0.0551063829787234, 0.16446808510638297, 0.050425531914893615, 0.43382978723404253, 0.5361702127659574], "Don't forget a jacket": [0.27886363636363637, 0.2768181818181818, 0.05590909090909091, 0.4713636363636364], "I think I've seen this before": [0.09452380952380952, 0.24047619047619048, 0.11904761904761905, 0.23976190476190476, 0.18071428571428572, 0.5514285714285714], "The surface is slick": [0.17956521739130435, 0.4747826086956522, 0.14869565217391303, 0.5565217391304348], "We'll stop in a couple of minutes": [0.1882608695652174, 0.3617391304347826, 0.10608695652173913, 0.05173913043478261, 0.27956521739130435, 0.09956521739130435, 0.4917391304347826]}