{"It's eleven o'clock": [0.19571428571428573, 0.3605952380952381, 0.4817857142857143], "That is exactly what happened": [0.28444444444444444, 0.12476190476190477, 0.5425396825396825, 0.13476190476190478, 0.4119047619047619], "I'm on my way to the meeting": [0.20426470588235293, 0.16397058823529412, 0.1486764705882353, 0.20411764705882354, 0.1225, 0.1038235294117647, 0.3920588235294118], "I wonder what this is about": [0.1190625, 0.2921875, 0.1703125, 0.178125, 0.140625, 0.365], "The airplane is almost full": [0.238625, 0.491125, 0.153375, 0.46675, 0.327875], "Maybe tomorrow it will be cold": [0.3705, 0.519875, 0.158, 0.16875, 0.1375, 0.433375], "I would like a new alarm clock": [0.1448780487804878, 0.19170731707317074, 0.24060975609756097, 0.06621951219512195, 0.23585365853658538, 0.37926829268292683, 0.38365853658536586], "I think I have a doctor's appointment": [0.11987179487179488, 0.28487179487179487, 0.07858974358974359, 0.21205128205128204, 0.05961538461538462, 0.446025641025641, 0.5175641025641026], "Don't forget a jacket": [0.35289855072463766, 0.3527536231884058, 0.07478260869565218, 0.47797101449275364], "I think I've seen this before": [0.12053333333333334, 0.27626666666666666, 0.14200000000000002, 0.2612, 0.20253333333333334, 0.5001333333333333], "The surface is slick": [0.21646341463414634, 0.5113414634146342, 0.19585365853658537, 0.505609756097561], "We'll stop in a couple of minutes": [0.2301923076923077, 0.36538461538461536, 0.1226923076923077, 0.059423076923076926, 0.3094230769230769, 0.12038461538461538, 0.45384615384615384]}