{"It's eleven o'clock": [-0.18500162699864248, -0.03725484774722932, 0.023275081750633683], "That is exactly what happened": [-0.06829709200184814, 0.21928398151660183, 0.19758845216449022, 0.28340353577477134, -0.08098600129061029], "I'm on my way to the meeting": [-0.08059178923918062, -0.17990498220033904, -0.11641622784629523, -0.09103214629260213, -0.10061883522091135, -0.12941045882222352, 0.03284733664373168], "I wonder what this is about": [-0.3133825733090439, -0.08652499409881316, -0.059396118784439324, -0.05984275601232797, 0.035957098457098435, 0.13878055872088552], "The airplane is almost full": [0.5872852096649737, -0.09458914563477722, -0.08167628399025859, -0.09154979551295085, 0.13206223659538605], "Maybe tomorrow it will be cold": [-0.1413585358803609, -0.003996142917510146, -0.22322976178430623, -0.08947231445703827, 0.05585604840635799, 0.13100421842767038], "I would like a new alarm clock": [-0.18269673786206486, -0.040265819216628355, -0.08324727508898867, 0.047018287834614376, 0.010365969895325398, 0.0464317606918414, 0.11185617020406668], "I think I have a doctor's appointment": [-0.26936853244209946, -0.04207398027191829, -0.14090645336775368, -0.12818321724561307, 0.055061240182347454, 0.05664846197442325, 0.035070771637946585], "Don't forget a jacket": [-0.19388640453628445, -0.12804371301805942, -0.16007034859493874, -0.003957559668769825], "I think I've seen this before": [-0.12020431675604087, -0.042600975650705114, -0.10277618378798052, 0.07825543938422896, -0.03893960104778845, 0.07066825762111933], "The surface is slick": [-0.2408873413115072, 0.012727236313905804, -0.13653571370031317, 0.05069967526918506], "We'll stop in a couple of minutes": [-0.12262925273795935, -0.03438841186014652, -0.05913372462972567, -0.018368205868205846, -0.01236355176564234, -0.003200271950271971, 0.12136313578665187]}