{"It's eleven o'clock": [0.1561654135338346, 0.3452631578947368, 0.4778195488721805], "That is exactly what happened": [0.24727272727272728, 0.1484848484848485, 0.6218181818181818, 0.16121212121212122, 0.37272727272727274], "I'm on my way to the meeting": [0.19088235294117648, 0.13294117647058823, 0.13647058823529412, 0.18823529411764706, 0.11147058823529411, 0.09294117647058824, 0.3938235294117647], "I wonder what this is about": [0.07555555555555556, 0.2738888888888889, 0.15611111111111112, 0.18055555555555555, 0.14333333333333334, 0.3927777777777778], "The airplane is almost full": [0.22551724137931034, 0.4506896551724138, 0.1403448275862069, 0.4106896551724138, 0.3617241379310345], "Maybe tomorrow it will be cold": [0.3213157894736842, 0.5321052631578947, 0.1186842105263158, 0.1481578947368421, 0.1423684210526316, 0.4739473684210526], "I would like a new alarm clock": [0.11020408163265306, 0.1763265306122449, 0.21489795918367346, 0.06102040816326531, 0.22938775510204082, 0.38918367346938776, 0.38918367346938776], "I think I have a doctor's appointment": [0.08705882352941177, 0.26735294117647057, 0.05941176470588235, 0.18558823529411764, 0.062058823529411763, 0.4673529411764706, 0.48676470588235293], "Don't forget a jacket": [0.2719672131147541, 0.31163934426229506, 0.06081967213114754, 0.47491803278688527], "I think I've seen this before": [0.09758620689655173, 0.25551724137931037, 0.12206896551724138, 0.2696551724137931, 0.18827586206896552, 0.5110344827586207], "The surface is slick": [0.1525, 0.5002272727272727, 0.15840909090909092, 0.5038636363636364], "We'll stop in a couple of minutes": [0.19361111111111112, 0.3513888888888889, 0.11888888888888889, 0.05722222222222222, 0.2961111111111111, 0.10111111111111111, 0.40055555555555555]}